id,name,slug,author name,sku,price,Old_price,is_active,is_bestseller,is_featured,description,meta_keywords,meta_description,created_at,updated_at,image,thumbnail,image_caption
1,"No Place to Hide: Edward Snowden, the NSA, and the U.S. Surveillance State ",,Hardcover by Glenn Greenwald ,10000,16.2,27,Y,Y,Y,"In May 2013, Glenn Greenwald set out for Hong Kong to meet an anonymous source who claimed to have astonishing evidence of pervasive government spying and insisted on communicating only through heavily encrypted channels. That source turned out to be the 29-year-old NSA contractor Edward Snowden, and his revelations about the agency’s widespread, systemic overreach proved to be some of the most explosive and consequential news in recent history, triggering a fierce debate over national security and information privacy. As the arguments rage on and the government considers various proposals for reform, it is clear that we have yet to see the full impact of Snowden’s disclosures.",book,best book of the month,,,,,10000_books
2,End Times ,,Hardcover by Anna Schumacher,10001,13.49,17.99,Y,Y,Y,"Carbon County, Wyoming is like a current running through Daphne’s heart.When life gets too tough to bear in Detroit, Daphne flees to her Uncle Floyd’s home, where she believes she’ll find solace in the silent hills of her childhood summers. But Daphne’s Greyhound bus pulls over in downtown Carbon County and it’s not silence that welcomes her. It’s the sound of trumpets.",teen book,Teen & Young Adult,,,,,10001_books.jpg
3,The Falconer: Book 1,,Hardcover by Elizabeth May,10002,14.51,17.99,Y,Y,Y,"Debutante by day. Murderess by night. Edinburgh's only hope.Edinburgh, 1844. Beautiful Aileana Kameron only looks the part of an aristocratic young lady. In fact, she's spent the year since her mother died developing her ability to sense the presence of Sithichean, a faery race bent on slaughtering humans. She has a secret mission: to destroy the faery who murdered her mother. But when she learns she's a Falconer, the last in a line of female warriors and the sole hope of preventing a powerful faery population from massacring all of humanity, her quest for revenge gets a whole lot more complicated. ",teen book,Teen & Young Adult,,,,,10002_books.jpg
4,Batman Vol. 4: Zero Year-Secret City (The New 52) ,,Hardcover by Scott Snyder ,10003,14.99,24.99,Y,Y,Y,"The fourth volume in Scott Snyder and Greg Capullo's best-selling run on Batman!Still dealing with the death of his son and the aftermath of Death of the Family, Batman must stop a robbery by Bruce Wayne? Twists and turns are around every corner as Bruce must clear his name and stop this mysterious perpetrator, all leading to the epic ""Zero Year.""",comics book,Comics & Graphic Novels,,,,,10003_books.jpg
5,The Sworn Sword: The Graphic Novel (A Game of Thrones),,Paperback by George R. R. Martin ,10004,8.44,14.95,Y,Y,Y,"In this comic book/graphic novel adaptation set one hundred years before the events in George R.R. Martin’s epic fantasy series, A Song of Ice and Fire, The Sworn Sword follows the adventures of Ser Duncan and his squire, Egg, as they quest for honor and glory in the Seven Kingdoms.",comics book,Comics & Graphic Novels,,,,,10004_books.jpg
6,Michael Jordan: The Life,,Hardcover by Roland Lazenby,10005,22.68,30,Y,Y,Y,"""It's not every day that I'm blown away by a book about a sports figure. But MICHAEL JORDAN: THE LIFE, by Roland Lazenby, ranks up there with the very best: The Boys of Summer by Roger Kahn, Friday Night Lights by Buzz Bissinger, and Joe DiMaggio by Richard Ben Cramer. The depth of reporting, his frequent ascent into poetry, and his intelligent analysis of the life of this complicated, fascinating American icon deserve Pulitzer Prize consideration. For the first time I understand what makes Michael Jordan tick. I was captivated, fascinated and beguiled from beginning to end."" -- Peter Golenbock, New York Times-bestselling author of George and In the Country of Brooklyn ",biographies book,Biographies & Memoirs,,,,,10005_books.jpg
7,"Delancey: A Man, a Woman, a Restaurant, a Marriage",,Hardcover by Molly Wizenberg ,10006,15,25,Y,Y,Y,"In this funny, frank, and tender new memoir, the author of the New York Times bestseller A Homemade Life and the blog Orangette recounts how opening a restaurant sparked the first crisis of her young marriage.",biographies book,Biographies & Memoirs,,,,,10006_books.jpg
8,The Spy Catchers of Maple Hill,,Hardcover by Megan Frazer Blakemore,10007,13.22,16.99,Y ,Y,Y,"Hazel Kaplansky is a firm believer in the pursuit of knowledge and truth—and she also happens to love a good mystery. When suspicions swirl that a Russian spy has infiltrated her small town of Maple Hill, Vermont, amidst the fervor of Cold War era McCarthyism, Hazel knows it’s up to her to find a suspect… starting with Mr. Jones, the quietly suspicious grave digger. Plus she’s found a perfect sleuthing partner in Samuel Butler, the new boy in school with a few secrets of his own. But as Hazel and Samuel piece together clues from the past and present, the truth is suddenly not what they expected, and what they find reveals more about themselves and the people of their cozy little town than they could ever have imagined.",children's book,Middle Grade,,,,,10007_books.jpg
9,Timmy Failure: Now Look What You've Done ,,Hardcover by Stephan Pastis,10008,8.99,14.99,Y,Y,Y,"The clueless, comically self-confident kid detective returns in a sequel to the New York Times bestseller Timmy Failure: Mistakes Were Made.",children's book,Middle Grade,,,,,10008_books.jpg
10,Think Like a Freak: The Authors of Freakonomics Offer to Retrain Your Brain,,Hardcover – Deckle Edge,10009,17.39,28.99,Y,Y,Y,"The New York Times bestselling Freakonomics changed the way we see the world, exposing the hidden side of just about everything. Then came SuperFreakonomics, a documentary film, an award-winning podcast, and more.",Business book, Business & Leadership,,,,,10009_books.jpg
11,The Obstacle Is the Way: The Timeless Art of Turning Trials into Triumph,,Hardcover by  Ryan Holiday ,10010,14.97,24.95,Y,Y,Y,"We are stuck, stymied, frustrated. But it needn’t be this way. There is a formula for success that’s been followed by the icons of history—from John D. Rockefeller to Amelia Earhart to Ulysses S. Grant to Steve Jobs—a formula that let them turn obstacles into opportunities. Faced with impossible situations, they found the astounding triumphs we all seek.",Business book, Business & Leadership,,,,,10010_books.jpg
12,Smart Money Smart Kids: Raising the Next Generation to Win with Money ,,Hardcover by Dave Ramsey,10011,14.99,24.99,Y,Y,Y,"Dave Ramsey and Rachel Cruze teach parents how to raise money-smart kids in a debt-filled world.In Smart Money Smart Kids, financial expert and best-selling author Dave Ramsey and his daughter Rachel Cruze equip parents to teach their children how to win with money. Starting with the basics like working, spending, saving, and giving, and moving into more challenging issues like avoiding debt for life, paying cash for college, and battling discontentment, Dave and Rachel present a no-nonsense, common-sense approach for changing your family tree.",business book, Business & Leadership,,,,,10011_books.jpg
13,Godzilla: The Art of Destruction,,Hardcover by Mark Cotta Vaz ,10012,27,45,Y,Y,Y,"Published to coincide with the release of Warner Bros. and Legendary’s Godzilla, directed by Gareth Edwards, this visually stunning book presents an extraordinary new vision for the beloved character through a dynamic selection of concept illustrations, sketches, storyboards, and other pre-production materials. Godzilla: The Art of Destruction is the definitive book on one of the most anticipated films of 2014. Featuring interviews with the director and key crew and cast members, the book tells the complete story of the making of Godzilla from concept to final frames. Comprehensive and enthralling, Godzilla: The Art of Destruction is a book that no fan will want to be without.",Entertainment book,Humor & Entertainment,,,,,10012_books.jpg
14,The Art of Frozen ,,Hardcover by Charles Solomon ,10013,25.3,40,Y,Y,Y,"In Walt Disney Animation Studios upcoming film, Frozen, the fearless optimist Anna sets off on an epic journey—teaming up with rugged mountain man Kristoff—to find her sister Elsa, whose icy powers have trapped the kingdom of Arendelle in eternal winter. Encountering Everest-like conditions, Anna and Kristoff battle the elements in a race to save the kingdom. The Art of Frozen features concept art from the making of the film—including character studies and sculpts, color scripts, storyboards, and more—alongside interviews with the film's artists about the making of this comedy-adventure. © Disney",Entertainment book,Humor & Entertainment,,,,,10013_books.jpg
15,Field of Prey,,Hardcover by John Sandford ,10014,17.41,28.95,Y,Y,Y,"The night after the fourth of July, Layton Carlson Jr., of Red Wing, Minnesota, finally got lucky. And unlucky.He’d picked the perfect spot to lose his virginity to his girlfriend, an abandoned farmyard in the middle of cornfields: nice, private, and quiet. The only problem was . . . something smelled bad—like, really bad. He mentioned it to a county deputy he knew, and when the cop took a look, he found a body stuffed down a cistern. And then another, and another.",Thriller book,"Mystery, Thriller & Suspense",,,,,10014_books.jpg
16,Bird Box: A Novel,,Hardcover by Josh Malerman,10015,16.43,25.99,Y,Y,Y,"Written with the narrative tension of The Road and the exquisite terror of classic Stephen King,Bird Box is a propulsive, edge-of-your-seat horror thriller, set in an apocalyptic near-future world—a masterpiece of suspense from the brilliantly imaginative Josh Malerman.",Thriller book,"Mystery, Thriller & Suspense",,,,,10015_books.jpg
17,Walking on Water: A Novel,,Hardcover by Richard Paul Evans ,10016,12.1,19.99,Y,Y,Y,"In this fifth entry in the New York Times bestselling Walk series, Richard Paul Evans’s hero Alan Christoffersen must say some painful goodbyes and learn some important lessons as he comes to the end of his cross-country walk to Key West.",romace book,Romance,,,,,10016_books.jpg
18,The One & Only: A Novel,,Hardcover by Emily Giffin ,10017,16.52,28,Y,Y,Y,"Emily Giffin, the beloved author of such New York Times bestselling novels asSomething Borrowed and Where We Belong, returns with an extraordinary story of love and loyalty—and an unconventional heroine struggling to reconcile both.",romance book ,Romance,,,,,10017_books.jpg
19,The 40s: The Story of a Decade,,"Hardcover by The New Yorker Magazine (Author), David Remnick",10018,22.68,30.88,Y,Y,Y,"The 1940s are the watershed decade of the twentieth century, a time of trauma and upheaval but also of innovation and profound and lasting cultural change. This is the era of Fat Man and Little Boy, of FDR and Stalin, but also of Casablanca and Citizen Kane, zoot suits and Christian Dior, Duke Ellington and Edith Piaf.",history book,History,,,,,10018_books.jpg
20,"Console Wars: Sega, Nintendo, and the Battle that Defined a Generation",,Hardcover by Blake J. Harris,10019,21.59,28.99,Y,Y,Y,"Following the success of The Accidental Billionaires and Moneyball comes Console Wars—a mesmerizing, behind-the-scenes business thriller that chronicles how Sega, a small, scrappy gaming company led by an unlikely visionary and a team of rebels, took on the juggernaut Nintendo and revolutionized the video game industry.",history book,History,,,,,10019_books.jpg
21,The Nesting Place: It Doesn't Have to Be Perfect to Be Beautiful ,,Hardcover by Myquillyn Smith,10020,12.01,19.99,Y,Y,Y,"Perfection is overrated. Popular blogger and self-taught decorator Myquillyn Smith (The Nester) is all about embracing reality---especially when it comes to decorating a home bursting with boys, pets, and all the unpredictable messes of life.In The Nesting Place, Myquillyn shares the secrets of decorating for real people---and it has nothing to do with creating a flawless look to wow your guests. It has everything to do with embracing the natural imperfection and chaos of daily living.Drawing on her years of experience creating beauty in her 13 different homes, Myquillyn will show you how to think differently about the true purpose of your home and simply and creatively tailor it to reflect you and your unique style","Crafts,home book","Crafts, Hobbies & Home",,,,,10020_books.jpg
22,The Oath of the Vayuputras (Shiva Trilogy),,Amish,10021,202,395,Y,Y,Y,EVIL HAS RISEN.,Fiction Books,History and Fiction,,,,,10021_books.jpg
23,Wings of Fire: An Autobiography ,,A.P.J Abdul Kalam,10022,154,275,Y,Y,Y,it is an autobiography of Dr.APJ Abdul Kalam,Autobiography,Autobiography,,,,,10022_books.jpg
24,The Alchemist,,paulo coelho,10023,155,299,Y,Y,Y,The protagonist of The Alchemist is a young Andalusian shepherd who lives in Spain,Fiction Books,Thriller Mystery,,,,,10023_books.jpg
25,The Monk Who Sold His Ferrari ,,Robin Sharma,10024,,195,Y,Y,Y,The Monk Who Sold His Ferrari is a heart-warming and inspiring story that offers you and thousands of other readers a simplistic method to living your life the right way.,Fiction Books,Thriller Mystery,,,,,10024_books.jpg
26,To Kill a Mockingbird ,,Harper Lee,10025,,399,Y,Y,Y,"'Shoot all the bluejays you want, if you can hit 'em, but remember it's a sin to kill a mockingbird.'",Thriller book,"Mystery, Thriller & Suspense",,,,,10025_books.jpg
27,Philips AquaTouch AT610/14 Men's Shaver,,Philips,10026,"               1,530.00 ","2,295.00",Y,Y,Y,aquatec- refreshing wet shave with foam or an easy dry shave,shaver,Electric shaver ,,,,,10026_electronics.jpg
28,Nikon D7000 16.2MP Digital SLR Camera (Black) ,,Nikon,10027,"56,529.00",0,Y,Y,Y,The camera offers an effective pixel count of 16.2-million pixels and enables capture of high-definition images exhibiting superior image quality with extremely detailed rendering and rich tones with smooth gradations also the D7000 is equipped with a new Nikon DX-format CMOS image sensor,Camera,SLR camera,,,,,10027_electronics.jpg
29,Canon EOS 1200D 18MP Digital SLR Camera (Black) ,,Canon,10028,"          30,879.00 ","39,995.00",Y,Y,Y,18 megapixel APS-C size CMOS sensor.3 Inch lcd monitor 1080p full hd movie,Camera,SLR camera,,,,,10028_electronics.jpg
30,Sony SLT-A65VK 24MP Digital SLR Camera (Black) with Camera Bag,,Sony,10029,"49,460.00","59,990.00",Y,Y,Y,24.2 effective megapixel sensor without an optical low-pass filter the ISO range has been extended (100 -12800),Camera,SLR camera,,,,,10029_electronics.jpg
31,Lenovo U510 59389403 15.6-inch Laptop,,Lenovo,10030,"          43,790.00 ","51,500.00",Y,Y,Y,Windows 8 operating System,Computer,Laptop,,,,,10030_electronics.jpg
32,Dell Inspiron 14 3437 W560356IN9 14-inch Laptop (Black ),,Dell,10031,"45,790.00",0,Y,Y,Y,"2.6-GHz Core i5 Processor 4 GB RAM,               500 GB 5400 rpm hard drive                       Windows 8 operating system",Computer,Laptop,,,,,10031_electronics.jpg
33,HP Pavilion 15-n010tx 15.6-inch Laptop,,HP,10032,"38,900.00",0,Y,Y,Y,"1.8-GHz Core i3-3217U Processor                          4 GB RAM, 500 GB 5400 rpm hard drive            15.6-inch LED-lit display",Computer,Laptop,,,,,10032_electronics.jpg
34,Acer V5 123 11.6-inch Laptop,,Acer,10033,"27,900.00",0,Y,Y,Y,1-GHz AMD E-series Processor                             2 GB DDR3 RAM                                               500 GB Serial ATA Hard Drive,Computer,Laptop,,,,,10033_acerlaptop.jpg
35,Panasonic LED TV 32 TH-L32B60D,,Panasonic,10034,"          24,900.00 ","          28,500.00",Y,Y,Y, AV input - makes use of analog devices           Wide viewing angle by IPS LED                         Slim depth with LED backlights,TV,LED TV,,,,,10034_electronics.jpg
36,SAMSUNG LED 32EH4003,,Samsung,10035,"25,900.00","27,500.00",Y,Y,Y,HD LED Picture Quality                                    Slim depth with LED backlights,TV,LED TV,,,,,10035_electronics.jpg
37,Sony Bravia KDL-32HX750 IN5 32-inch 1080p Full HD LED Television (Black),,Sony,10036,"   47,000.00",0,Y,Y,Y,X-Reality picture engine                              Dynamic edge LED with frame dimming                  X High speed 3D panel,TV,LED TV,,,,,10036_electronics.jpg
38,Philips 32PFL5578 32-inch Full HD LED Television,,Philips,10037,"29,990.00 ","34,990.00",Y,Y,Y,Futuristic digital entertainment in Philips HDTV     Full HD LCD display for better depth and clarity  Pixel precise HD for razor sharp images,TV,LED TV,,,,,10037_electronics.jpg
39,I Grasp K16 Full HD LED Television - 16 inches Black,,I Grasp,10038,"7,050.00",0,Y,Y,Y,"Body color: Black, Analog audio Input, Audio out, HDMI Audio in : HDMI x 2, On/Off Timer, Parental control,Remoate control,Headphone out, USB port, USB display.",TV,LED TV,,,,,10038_electronics.jpg
40,"Dell Venue 7 Tablet (WiFi, 16GB), Black",,Dell,10039,"8,968.00 ",0,Y,Y,Y,3MP primary camera and 0.3MP front facing camera 7-inch IPS multi-touch capacitive touchscreen with 1280 x 800 pixels resolution ,Tablet,Electronic Tablets,,,,,10039_electronics.jpg
41,"Apple iPad Mini (White-Silver, 16GB, WiFi)",,Apple,10040,"17,999.00 ","21,290.00",Y,Y,Y,"5MP primary camera with face detection, backside illumination, tap to control exposure for video or still images, geotagging and 1.2MP front facing camera",Electronic Tablet,Ipad apple,,,,,10040_electronics.jpg
42,"Xolo Play Tab 7 Tablet (WiFi), Black",,Xolo,10041,"8,489.00","9,790.00",Y,Y,Y,2MP front facing camera 7-inch LCD Capacitive touchscreen with 1280 x 800 pixels resolution and 16M color support,Tablet,Electronic Tablets,,,,,10041_electronics.jpg
43,"HCL ME Champ Tablet (WiFi, 3G via Dongle)",,HCL,10042,"4,780.00","7,499.00",Y,Y,Y,"Android 4.1 Jelly Bean operating system with 1GHz Cortex A9 processor, 1GB RAM and 4GB internal memory expandable up to 32GB",Tablet,Electronic Tablets,,,,,10042_electronics.jpg
44,"Google Nexus 5 D821 (32GB, White)",,Google,10043,"34,298.00 ",0,Y,Y,Y,4.95-inch IPS touchscreen with 1080 x 1920 pixels resolution 8MP primary camera with optical image stabilization and 1.3MP front facing camera,Mobile,Smart Phones,,,,,10043_electronics.jpg
45,Nokia Lumia 925 (Black),,Nokia,10044,"28,599.00",0,Y,Y,Y,"8.7MP pure view primary camera with Carl Zeiss Tessar lens, 4x digital zoom, dual LED flash, touch focus, landscape orientation, auto and manual white balance, face recognition, geotagging and 1.2MP front facing camera",Mobile,Handset Smart Phones,,,,,10044_electronics.jpg
46,"HTC One (Dual SIM, Silver)",,HTC,10045,"36,420.00",0,Y,Y,Y,"Primary camera with full HD video recording, optical image stabilization, dedicated HTC ImageChip 2, shutter shot, continuous shooting and 2.1MP front facing camera",Mobile,Handset Smart Phones,,,,,10045_electronics.jpg
47,Sony Xperia T2 Ultra (Black),,Sony,10046," 24,940.00 ","25,990.00",Y,Y,Y,"13MP primary camera with HD video recording, LED flash, auto focus, geotagging, 16x digital zoom, touch focus and 1.1MP front facing camera",Mobile,Handset Smart Phones,,,,,10046_electronics.jpg
48,Samsung Galaxy S5 (Charcoal Black),,Samsung,10047,"         42,354.00 ","49,899.00",Y,Y,Y,"16MP primary camera with phase detection, selective focus and 2MP front facing camera ",Mobile,Handset Smart Phones,,,,,10047_electronics.jpg
49,Intex Wireless Roaming Over-Ear Headphone (Black),,Intex,10048,497,699,Y,Y,Y,Wireless headphone  Bass speaker for great enjoyment Effective range over 8m,Ear Phone,Wireless Ear Phone,,,,,10048_electronics.jpg
50,Apple 2GB iPod Shuffle (Space Gray),,Apple,10049,"2,249.00","3,700.00",Y,Y,Y,"Sleek, anodized aluminum looks and feels solid and durable With up to 15 hours of battery life and 2 GB of storage, you can have hundreds of songs at your fingertips",Ipod,Music Player,,,,,10049_electronics.jpg
51,Philips MMS4040F 2.1 Multimedia Speaker,,Philips,10050,"3,190.00",0,Y,Y,Y,Multimedia speakers 2.1 configuration Remote control,Speakers,Audio Multimedia Speaker,,,,,10050_electronics.jpg
52,ION Party Starter Portable Bluetooth Speaker With Built-In Light Show,,ION Audio,10051,0,49.99,Y,Y,Y,"Ultra-compact speaker delivers BIG wireless sound,Projects pulsating multi-colored party lights onto walls and ceilings,Works with iPad, iPhone, iPod, Android devices, and more.",speaker,Bluetooh speaker,,,,,10051_musicalinstruments.jpg
53,Blue Microphones Snowball USB Microphone (Electric Blue),,Blue Microphones,10052,0,137.83,Y,Y,Y,"USB output enables direct integration with a desktop or laptop computer, allowing CD-quality recording,Snowball ships with desktop stand and USB cable",microphone,USB microphone,,,,,10052_musicalinstruments.jpg
54,Audio-Technica ATH-M50x Professional Headphones,,Audio-technica,10053,169,239,Y,Y,Y,"Critically acclaimed sonic performance praised by top audio engineers and pro audio reviewers,90° swiveling earcups for easy, one-ear monitoring, professional-grade earpad and headband material delivers more durability and comfort. Detachable cable",headphones,Professional Headphones,,,,,10053_musicalinstruments.jpg
55,Epiphone Guitar Pack Series PPEG-EGL1EBCH1 Electric Guitar Pack - Ebony,,Epiphone,10054,199,347,Y,Y,Y,"Epiphone's Les Paul Player Pack has everything you need to start playing guitar right away,It includes a genuine Les Paul Special-II LTD guitar featuring two classic hum bucker pickups and a 10-watt Electra guitar amp with a 10ft guitar cable.",guitar pack ,Electric guitar,,,,,10054_musicalinstruments.jpg
56,Sawtooth ST-ES-BKB-KIT-3 Black Electric Guitar ,,Sawtooth,10055,159.99,477.96,Y,Y,Y,"Basswood Body with Black Finish and 3-Ply Black Pickguard,Maple c-shape neck with Rosewood fingerboard, 21 medium jumbo frets, and Dot position inlays,25.5"" scale length; 42 mm nut width",guitar pack ,Electric guitar,,,,,10055_musicalinstruments.jpg
57,Yamaha DD65 Electronic Drum Pad,,Yamaha,10056,,409.95,Y,Y,Y,"8 Touch-sensitive drum pads allow expressive playing,AUX in jack for connecting and playing along with an MP3 player,254 GM compatible Voices assignable to any pad",drum pad, Electronic Drum Pad Premium ,,,,,10056_musicalinstruments.jpg
58,Yamaha DGX650B Digital Piano,,Yamaha,10057,799.99,1299,Y,Y,Y,"PureCF-sampled piano: Sampled from Yamaha's acclaimed CFIIIS concert grand, no other digital piano brand at this price delivers recordings from such a high-end instrument.",piano,Digital piano,,,,,10057_musicalinstruments.jpg
59,Casio SA-76 44 Key Mini Keyboard,,Casio,10058,49.95,69.95,Y,Y,Y,"44 mini keys,100 tones, 50 rhythms and 10 integrated songs provide variety,LSI sound source and 8-note polyphony ensure good sound quality",mini keyboard,Keyboard,,,,,10058_musicalinstruments.jpg
60,Apogee Duet Audio Interface for iPad & Mac,,Apogee,10059,0,649,Y,Y,Y,"First professional stereo audio interface for iPad,USB 2.0 audio with 24-bit/192kHz A/D and D/A conversion,Direct digital connection to iPod touch, iPhone, iPad", Audio Interface,Audio Interface for iPad & Mac,,,,,10059_musicalinstruments.jpg
61,Apogee MiC 96k,,Apogee,10060,0,329,Y,Y,Y,"Studio quality cardioid condenser microphone,Designed for vocal and acoustic instrument recording. Also great for recording interviews, podcasts, voice overs, and audio for DSLR video.",Microphone ,"Professional Quality Microphone for iPad, iPhone, and Mac",,,,,10060_musicalinstruments.jpg
62,360-BK - BLACK/Gold Alto Saxophone,,Lazarro,10061,274.99,599,Y,Y,Y,"Saxophone Includes:Mouthpiece,Cap,Ligature,Neck Strap,Free Gifts Include:11 Reeds and Music Pocketbook By William Bay,Lightweight Hard Plush Lined FABRIC Pro Case. Sax CASE Has Backpack/Side Straps and Pocket",Saxophone,Alto Saxophone Lazarro,,,,,10061_musicalinstruments.jpg
63,Mendini MTT-N Nickel Plated Bb Trumpet,,mendini,10062,125,339.99,Y,Y,Y,"Nickel plated Bb trumpet with 7C mouthpiece,0.46 inch bore & 5 inch bell, 1st valve slide thumb saddle, 3rd valve slide with adjustable throw ring,Phosphorus copper used on lead mouth pipe (found on expensive trumpets), smooth action valves, & comfortable",Trumpet,Nickel Plated Bb Trumpet,,,,,10062_musicalinstruments.jpg
64,Alesis DM Lite Kit 5-Piece Electronic Drum Set,,Alesis,10063,288.99,339,Y,Y,Y,"Complete 5-piece, 3-cymbal electronic drum kit,LED illuminated drum and cymbal pads enhance built-in learning features,DM Lite Drum Module with built-in drum coach with play-along patterns and 30 songs",Drum Set,Electronic Drum Set,,,,,10063_musicalinstruments.jpg
65,GP Percussion GP50BK Complete Junior Drum Set ,,Percussion,10064,0,239.99,Y,Y,Y,",bass drum pedal,bass drum pedal,drum sticks & drum key",Junior Drum Set ,GP50BK Complete Junior Drum Set ,,,,,10064_musicalinstruments.jpg
66,Mendini 4/4 MV-Black Solid Wood Violin,,mendini,10065,71.5,199.99,Y,Y,Y,"Size 4/4 (Full Size) metallic black varnish violin,Includes: lightweight hard case, a Brazilwood bow with unbleached genuine Mongolian horsehair, rosin, adjustable shoulder rest, two bridges, and an extra set of strings", Violin ,Black Solid Wood Violin,,,,,10065_musicalinstruments.jpg
67,KRK RP5G3-NA Rokit 5 Generation 3 Powered Studio Monitor,,KRK,10066,299,0,Y,Y,Y,This Bundle contains 2 items: Pair of KRK RP5G3-NA Rokit 5 Generation 3 Powered Studio Monitor,Studio monitor,Studio Monitor - Pair,,,,,10066_musicalinstruments.jpg
68,Olympus ME-12 Noise Canceling Microphone,,Olympus,10067,9.95,14.99,Y,Y,Y,"Increases transcription accuracy by reducing ambient noise,Usable with all digital voice recorders using the DSS file format", Microphone,Noise Canceling Microphone,,,,,10067_musicalinstruments.jpg
69,Numark HF125 DJ Headphones,,Numark,10068,10.33,29,Y,Y,Y,"Flexible 7-position independently adjustable dual ear cups,6' tangle-resistant cord with 1/4"" connector",Headphones,DJ Headphones,,,,,10068_musicalinstruments.jpg
70,Shure SM57-LC Cardioid Dynamic Microphone,,Shure,10069,99,146,Y,Y,Y,"Contoured frequency response is clean, instrumental reproduction and rich vocal pickup,Professional-quality reproduction for drum, precussion, and instrument amplifier miking",Microphone,Cardioid Dynamic Microphone,,,,,10069_musicalinstruments.jpg
71,Silvertone LB11 Bass Guitar,,Silvertone,10070,176.99,479.99,Y,Y,Y,"Bass guitar package with everything you need to control the rhytm,Includes BAXs bass amp, digital tuner, instructional DVD, strings, strap, picks, cable, gig bag",Guitar,Bass Guitar and Amp Package,,,,,10070_musicalinstruments.jpg
72,Casio WK-225 76-Key Touch Sensitive Keyboard ,,Casio,10071,199.95,323.99,Y,Y,Y,"76 note, touch response, piano style keyboard,600 Built-in tones including stereo pianos,180 Rhythm and Accompaniment patterns",Keyboard,Touch Sensitive Keyboard ,,,,,10071_musicalinstruments.jpg
73,ION Discover DJ USB DJ controller for Mac and PC,,ION Audio,10072,79.99,129.99,Y,Y,Y,"Everything you need to DJ with the music on your computer,Touch-sensitive platters with volume, three-band EQ and pitch controls allow you to manipulate music like the pro's", DJ USB DJ controller,DJ USB DJ controller for Mac and PC,,,,,10072_musicalinstruments.jpg
74,"Behringer EUROLIVE VP1800S 1600W 18"" Subwoofer",,Behringer,10073,229.99,299.99,Y,Y,Y,Professional 1600-Watt 18'' subwoofer for PA applications (400 Watts Continuous / 1600 Watts Peak Power),Subwoofer,"18"" Subwoofer",,,,,10073_musicalinstruments.jpg
75,Pyle PDMICR42R Classic Retro Vintage Style Dynamic Vocal Microphone,,Pyle,10074,32.86,75.99,Y,Y,Y,"Studio and stage-tested design for quality and performance,Ideal choice for professional applications as well as garage bands and at home podcasts,Dynamic Moving Coil Element - Cardioid Polar Pattern - Self Tension Swivel Mount - Frequency Response: 30Hz-",Vocal Microphone, Retro Vintage Style Dynamic Vocal Microphone,,,,,10074_musicalinstruments.jpg
76,Singing Machine SMM-205 Dynamic Karaoke Microphone ,,Singing Machine,10075,10.09,14.99,Y,Y,Y,"Uni-directional Dynamic Microphone,Wide Frequency Response & High Sensitivity,Karaoke Accessory",Microphone,Dynamic Karaoke Microphone,,,,,10075_musicalinstruments.jpg
77,Warner Bros. Tweety Soft Toy,,soft toy,10076, 485.00 , 899.00,Y,Y,Y,Its soft Easy to play Attractive A perfect gift for your loved ones,toys,kids toys,,,,,10076_toys.jpg
78,Disney MBE-LWTP0007 Lazy Pooh 22-inch,,Disney soft toy,10077,999,0,Y,Y,Y,Its soft and attractive High quality material A perfect gift,toys,kids toys,,,,,10077_toys.jpg
79,"Simba Animated Plush Battery Operated Sitting Talking Tom, Multi Color (9-inch)",,Simba toys,10078,"2,399.00 ",0,Y,Y,Y,Tom will repeat what you say in his signature funny voice and move its mouth,toys,Kids toys,,,,,10078_toys.jpg
80,"Shaun Sheep Valentine with Heart, Multi Color (25cm)",,Shaun sheep,10079,799,0,Y,Y,Y,Its soft Easy to play Attractive A perfect gift for your loved ones,toys,Kids toys,,,,,10079_toys.jpg
81,Barbie Kelly in India,,Barbie,10080, 263.00 , 299.00,Y,Y,Y,Its soft and attractive High quality material A perfect gift,toys,kids toys,,,,,10080_toys.jpg
82,Barbie in the Pink Shoes Transforming Ballerina Kristyn Doll,,Barbie,10081,411.00 ,839,Y,Y,Y,Its soft and attractive High quality material A perfect gift,toys,kids toys,,,,,10081_toys.jpg
83,"Newray 1:12 Kawasaki KFX450R (2012), Green",,Newray,10082, 649.00,0,Y,Y,Y,Highly detailed design with free wheel 1:12 scale- die cast bikes look alike of original to the minutest detail,toys,kids toys,,,,,10082_toys.jpg
84,"Funskool MRF Racing Jeep, Multi Color",,Funskool,10083,179.00 ,0,Y,Y,Y,Funskool MRF Racing Jeep is a toy car and truck for 3 to 5 year old kids Free wheel vehicle,toys,kids toys,,,,,10083_toys.jpg
85,Centy Rescue Helicopter - (Color may vary),,Centry,10084,144,,Y,Y,Y,Scale model Pull back toy Door openable,toys,kids toys,,,,,10084_toys.jpg
86,Disney Planes Skipper Riley Diecast Aircraft,,Disney soft toy,10085,"2,042.00",0,Y,Y,Y,"Based on characters from the new hit animated Disney film, Planes",toys,kids toys,,,,,10085_toys.jpg
87,SIKU 0872 Helicopter Gunship,,Siku,10086,"1,393.00",0,Y,Y,Y,For generations SIKU has fascinated children and adults alike with its high quality die-cast vehicles,toys,kids toys,,,,,10086_toys.jpg
88,Funskool Digger the Dog,,Funskool,10087, 359.00 , 399.00,Y,Y,Y,Digger the dog shall become Your kids first companion Lots of fun actions for little ones as the dog is pulled along,toys,kids toys,,,,,10087_toys.jpg
89,Shengshou 3x3x3 Puzzle Cube Black,,Shengshou,10088,"1,540.00 ",0,Y,Y,Y,Smooth turning and cornering for speed cubing Solve it by making each side one solid color,Games and toys,Strategic games,,,,,10088_toys.jpg
90,"Funskool Monopoly India Edition, Multi Color",,Funskool,10089,449.00 , 499.00,Y,Y,Y,Classic world famous property trading board game Move around the board buying and selling properties,Games and toys,Board Games,,,,,10089_toys.jpg
91,Mattel Scrabble Original,,Mattel,10090,699.00 ,0,Y,Y,Y,Scrabble is the classic word game Make the best word you can using any of your 7 letter tiles drawn at random,Games and toys,Board Games,,,,,10090_toys.jpg
92,GEEK GOODIES London's Tower Bridge 3D Puzzle,,GEEK GOODIES,10091,579,0,Y,Y,Y,Durable packing fit for long-distance transport. Improves Creativity and logical ability.,Games and toys,3D Games,,,,,10091_toys.jpg
93,"Annie 8 - in- 1 3D Puzzle, Multi Color",,Annie,10092, 366.00,0,Y,Y,Y,Easy to assemble No External tools are required  Highly educational,Games and toys,3D Games,,,,,10092_toys.jpg
94,Frank Wild Animals,,Frank,10093,44, 60.00,Y,Y,Y,A range of educational toys introducing basic concepts to the beginners,Toys,kids toys,,,,,10093_toys.jpg
95,Quinxing Laptop with 20 activities,,qunxing,10094,540,0,Y,Y,Y,Original Qunxing Kids Laptop,Toys,Educational toys,,,,,10094_toys.jpg
96,Simba Squap Catch Ball Game,,Simba toys,10095,685,0,Y,Y,Y,"
Squap Resembles the Catch Ball Game
2 Squaps and 4 Balls
Includes Behind the Back Shot, Over The Shoulder Shot, Turn Around and Jump Shot
",toys,Sports toys,,,,,10095_toyssimba.jpg
97,Intex baby tent house,,Intex,10096,"1,199.00 ",0,Y,Y,Y,This Full Size Cottage Tent House Is For Indoor As Well As Outdoor Play. Children Can Actually Enter This House & Stay Or Play In It,toys,Sports toys,,,,,10096_toys.jpg
98,Melissa & Doug Happy Giddy Tunnel,,Melissa & Doug,10097,"2,699.00",0,Y,Y,Y,Active kids will enjoy crawling through a rainbow of color in this bright tunnel. ,toys,Sports toys,,,,,10097_toys.jpg
99,"Skillofun Rope Ladder, Multi Color",,Skillofun,10098,815,0,Y,Y,Y,For climbing fun-indoors and outdoors,toys,Sports toys,,,,,10098_toys.jpg
100,"Funskool Jenga Junior, Multi Color",,Funskool,10099,   179.00 ,199,Y,Y,Y,"This is one game that children and adults can play together, has no learning curve and never gets old or boring",toys,Sports toys,,,,,10099_toys.jpg
101,Angry Birds- On Thin Ice,,Mattel,10100,539,999,Y,Y,Y,It is an exciting skill and action game that is designed for two to four players.,toys,Sports toys,,,,,10100_toys.jpg
,,,,,,,,,,,,,,,,,
,,,,,,,,,,,,,,,,,
,,,,,,,,,,,,,,,,,
,,,,,,,,,,,,,,,,,
,,,,,,,,,,,,,,,,,
,,,,,,,,,,,,,,,,,
,,,,,,,,,,,,,,,,,
,,,,,,,,,,,,,,,,,
,,,,,,,,,,,,,,,,,
,,,,,,,,,,,,,,,,,
,,,,,,,,,,,,,,,,,
,,,,,,,,,,,,,,,,,
